<?xml version="1.0"?>
<DARoots Version="1" Minor="12">
	<FileSet Name="constrs_1" Type="Constrs" RelSrcDir="$PSRCDIR/constrs_1">
		<Filter Type="Constrs"/>
		<File Path="$PPRDIR/../EchoFIFO.ncf">
		</File>
		<File Path="$PPRDIR/../ipcore_dir/FIFO_16Bit_1000BlockCheck.ncf">
		</File>
		<File Path="$PPRDIR/../ipcore_dir/FIFO_30Bit_1000BlockCheck.ncf">
		</File>
		<File Path="$PPRDIR/../ipcore_dir/SPI_Slow2Fast.ncf">
		</File>
		<File Path="$PPRDIR/../ipcore_dir/AutoPoller_FIFO_16Bit.ncf">
		</File>
		<File Path="$PPRDIR/../ipcore_dir/SPI_Fast2Slow.ncf">
		</File>
		<File Path="$PPRDIR/../ipcore_dir/EchoFIFO.ncf">
		</File>
		<File Path="$PPRDIR/../ZestET1.ucf">
		</File>
		<Config>
			<Option Name="TargetPart" Val="xc3s1400aft256-5"/>
		</Config>
	</FileSet>
</DARoots>

