<?xml version="1.0"?>
<DARoots Version="1" Minor="12">
	<FileSet Name="sources_1" Type="DesignSrcs" RelSrcDir="$PSRCDIR/sources_1">
		<Filter Type="EDIFSrcs"/>
		<File Path="$PPRDIR/../EchoFIFO.ngc">
		</File>
		<File Path="$PPRDIR/../Example2.ngc">
		</File>
		<File Path="$PPRDIR/../FIFO_30Bit_1000BlockCheck.ngc">
		</File>
		<File Path="$PPRDIR/../FIFO_16Bit_1000BlockCheck.ngc">
		</File>
		<File Path="$PPRDIR/../ipcore_dir/EchoFIFO.ngc">
		</File>
		<File Path="$PPRDIR/../ipcore_dir/SPI_Fast2Slow.ngc">
		</File>
		<File Path="$PPRDIR/../ipcore_dir/AutoPoller_FIFO_16Bit.ngc">
		</File>
		<File Path="$PPRDIR/../ipcore_dir/SPI_Slow2Fast.ngc">
		</File>
		<File Path="$PPRDIR/../ipcore_dir/FIFO_30Bit_1000BlockCheck.ngc">
		</File>
		<File Path="$PPRDIR/../ipcore_dir/FIFO_16Bit_1000BlockCheck.ngc">
		</File>
		<Config>
			<Option Name="DesignMode" Val="GateLvl"/>
			<Option Name="GateLvlMode" Val="EDIF"/>
			<Option Name="TopFile" Val="$PPRDIR/../Example2.ngc"/>
		</Config>
	</FileSet>
</DARoots>

